company,partner_type,contact_name,email,client_count_signal,hook_line,source_url,confidence,status,error,reply_at
Orieda,contabil_horeca,Echipă,office@orieda.ro,HORECA explicit: restaurante cafenele catering,Clienții HORECA au nevoie de POS legat de stoc și NIR — recomandați franchisetech și câștigați 20% recurent din abonament.,https://www.orieda.ro/,high,sent_step1,,
MDV Consulting,contabil_horeca,Echipă,office@mdvconsulting.ro,Portofoliu HORECA Cluj; expert CECCAR,Standardizați fluxul POS-stoc-NIR pentru clienții din restaurante și cafenele — parteneriat franchisetech cu 20% comision recurent.,https://contabilitate-cluj.ro/,high,sent_step1,,
A&A Accounts,contabil_horeca,Echipă,office@accounts.ro,Firmă contabilitate Cluj; IMM-uri incl. HoReCa,Oferiți clienților HORECA un POS cloud cu stoc și NIR — 20% recurent pentru fiecare recomandare activă.,https://accounts.ro/servicii-de-contabilitate/,medium,sent_step1,,
Contab Servicii Smart,contabil_horeca,Echipă,office@contabss.ro,300+ firme București/Ilfov,Clienții din ospitalitate au nevoie de date POS-stoc-NIR curate — franchisetech le dă vizibilitate reală și vouă 20% recurent.,https://contabss.ro/contact,medium,sent_step1,,
Zeus Service SRL,reseller_casa_fiscala_pos,Echipă,vanzari@zeusservice.ro,Distribuitor național case marcat,După casa fiscală clienții HoReCa au nevoie de POS cloud cu stoc și NIR — franchisetech completează pachetul cu 20% recurent.,https://www.zeusservice.ro/contact,high,sent_step1,,
ADPOS Retail Systems,reseller_casa_fiscala_pos,Adrian Merlan,comenzi@adpos.ro,Importator TREMOL; POS + gestiune,Vindeți case fiscale — adăugați franchisetech ca POS+stoc+NIR în cloud și câștigați 20% recurent.,https://adpos.ro/,high,sent_step1,,
AMEF Constalaris,reseller_casa_fiscala_pos,Echipă,office@amef.ro,Magazin fiscal București multi-brand,Clienții care cumpără AMEF au nevoie de gestiune stoc și NIR — recomandați franchisetech cu 20% recurent.,https://amef.ro/contact/,high,sent_step1,,
Sedona ALM,reseller_casa_fiscala_pos,Echipă,contact@aparaturafiscala.ro,Mii de companii din 2002; POS HoReCa,Sedona livrează echipament fiscal — franchisetech aduce POS cloud stoc+NIR cu 20% comision recurent.,https://www.aparaturafiscala.ro/en/contact-us,high,sent_step1,,
ExpertPos EconMedia,consultant_fiscalnet,Echipă,office@econmedia.ro,Distribuitor FiscalNet + MicroRestaurant,Integrați franchisetech cu FiscalNet: POS + stoc + NIR în cloud plus 20% recurent.,https://expertpos.ro/contact/,high,sent_step1,,
Q Retail,consultant_fiscalnet,Echipă,office@qretail.ro,Revânzare FiscalNet Brașov,Ca distribuitor FiscalNet puteți oferi franchisetech — POS stoc NIR integrat fiscal cu 20% recurent.,https://www.qretail.ro/contact,high,sent_step1,,
Anzi Soft,consultant_fiscalnet,Echipă,vanzari@anzisoft.ro,Producător POS fiscal RO; integrări WinMentor,Soluțiile voastre fiscale se completează cu franchisetech POS+stoc+NIR — 20% recurent per client HoReCa.,https://anzisoft.ro/contact.html,high,sent_step1,,
Vlarox Fiscal,consultant_fiscalnet,Vlad Lembrău,office@vlarox.ro,Soluții fiscale POS all-in-one,Recomandați franchisetech ca POS cloud cu stoc și NIR — 20% recurent din abonamente.,https://vlarox.ro/,high,opted_out,opt-out: Stop !,2026-06-21T16:09:31+03:00
RezoSoft,software_gestiune,Echipă,contact@rezosoft.ro,POS + gestiune stoc cloud; cafenele restaurante,RezoSoft acoperă facturare — franchisetech adaugă POS HoReCa cu stoc NIR și 20% recurent.,https://www.rezosoft.ro/,high,sent_step1,,
Selectsoft SRL,software_gestiune,Echipă,contact@selectsoft.ro,ERP Bar-Restaurant Baia Mare,Modulele Bar-Restaurant se completează cu franchisetech POS+stoc+NIR — 20% comision recurent.,https://selectsoft.ro/contact/,high,sent_step1,,
tiny.ERP,software_gestiune,Echipă,office@tinyerp.app,ERP cloud IMM; NIR automat,tiny.ERP gestionează NIR — franchisetech aduce POS rapid pentru HoReCa cu 20% recurent.,https://tinyerp.app/ro/,high,sent_step1,,
ExpertAccounts,software_gestiune,Echipă,sales@expertaccounts.com,Cloud ERP Oradea; POS + WMS,ExpertAccounts acoperă ERP — franchisetech completează cu POS HoReCa stoc+NIR și 20% recurent.,https://expertaccounts.com/web/contact/romana/,high,sent_step1,,
Salad Box,operator_multi_locatie,Echipă,contact@saladbox.ro,Rețea națională 12+ locații; franciză,Salad Box scalează prin franciză — franchisetech unifică POS stoc și NIR în toate locațiile.,https://saladbox.ro/ro/contact,high,sent_step1,,
TED'S Coffee,operator_multi_locatie,Echipă,info@tedscoffeecompany.com,Rețea franciză extinsă RO,TED'S extinde rețeaua — franchisetech standardizează POS stoc NIR pe francizați.,https://tedscoffeecompany.com/franciza/,high,sent_step1,,
Tucano Coffee,operator_multi_locatie,Echipă,franchise@tucanocoffee.com,38 locații RO; franciză activă,Tucano coordonează zeci de locații — franchisetech oferă POS cloud stoc NIR centralizat.,https://tucanofranchise.com/ro,high,sent_step1,,
Hello Donuts,operator_multi_locatie,Echipă,office@hellodonuts.com,Franciză HoReCa insule retail,Hello Donuts deschide insule noi — franchisetech le dă POS stoc NIR simplu de la ziua 1.,https://hellodonuts.com/franciza-cu-delicii/,high,sent_step1,,
