odoo_finished_product,franchisetech_product,ingredient,action,old_unit_cost,new_unit_cost
CEAI FRUCTE DE PADURE 480ml,CEAI FRUCTE DE PADURE 480ml,CEAI FRUCTE DE PADURE,cost_updated,0,0.555
CEAI FRUCTE DE PADURE 480ml,CEAI FRUCTE DE PADURE 480ml,CAPAC SL45,cost_updated,0,0.13
CEAI FRUCTE DE PADURE 480ml,CEAI FRUCTE DE PADURE 480ml,PAHAR 16 OZ,cost_updated,0,0.24
CEAI FRUCTE DE PADURE 480ml,CEAI FRUCTE DE PADURE 480ml,PALETE,cost_updated,0,0.04
CEAI FRUCTE DE PADURE 480ml,CEAI FRUCTE DE PADURE 480ml,MIERE PLIC,cost_updated,0,0.35
AMERICANO - COLUMBIA BIO 360ml,AMERICANO - COLUMBIA BIO 360ml,PAHAR 12 OZ,cost_updated,0,0.22
AMERICANO - COLUMBIA BIO 360ml,AMERICANO - COLUMBIA BIO 360ml,CAFEA BIO COLUMBIA - LA ORQUIDEA PLANADAS 250gr,cost_updated,0,137.0
AMERICANO - COLUMBIA BIO 360ml,AMERICANO - COLUMBIA BIO 360ml,ZAHAR BRUN 5 GR,cost_updated,0,0.07
AMERICANO - COLUMBIA BIO 360ml,AMERICANO - COLUMBIA BIO 360ml,CAPAC SL37,cost_updated,0,0.12
AMERICANO - COLUMBIA BIO 360ml,AMERICANO - COLUMBIA BIO 360ml,PALETE,cost_updated,0,0.04
LATTE - COLUMBIA BIO 360ml,LATTE - COLUMBIA BIO 360ml,PAHAR 12 OZ,cost_updated,0,0.22
LATTE - COLUMBIA BIO 360ml,LATTE - COLUMBIA BIO 360ml,CAFEA BIO COLUMBIA - LA ORQUIDEA PLANADAS 250gr,cost_updated,0,137.0
LATTE - COLUMBIA BIO 360ml,LATTE - COLUMBIA BIO 360ml,ZAHAR BRUN 5 GR,cost_updated,0,0.07
LATTE - COLUMBIA BIO 360ml,LATTE - COLUMBIA BIO 360ml,LAPTE BIO UHT,cost_updated,0,6.0
LATTE - COLUMBIA BIO 360ml,LATTE - COLUMBIA BIO 360ml,PALETE,cost_updated,0,0.04
LATTE - COLUMBIA BIO 360ml,LATTE - COLUMBIA BIO 360ml,CAPAC SL37,cost_updated,0,0.12
CEAI VERDE SENCHA MANGO 480ml,CEAI VERDE SENCHA MANGO 480ml,CAPAC SL45,cost_updated,0,0.13
CEAI VERDE SENCHA MANGO 480ml,CEAI VERDE SENCHA MANGO 480ml,CEAI VERDE SENCHA MANGO,cost_updated,0,0.5328
CEAI VERDE SENCHA MANGO 480ml,CEAI VERDE SENCHA MANGO 480ml,PAHAR 16 OZ,cost_updated,0,0.24
CEAI VERDE SENCHA MANGO 480ml,CEAI VERDE SENCHA MANGO 480ml,PALETE,cost_updated,0,0.04
CEAI VERDE SENCHA MANGO 480ml,CEAI VERDE SENCHA MANGO 480ml,MIERE PLIC,cost_updated,0,0.35
DOUBLE ESPRESSO - COLUMBIA BIO 60ml,DOUBLE ESPRESSO - COLUMBIA BIO 60ml,CAFEA BIO COLUMBIA - LA ORQUIDEA PLANADAS 250gr,cost_updated,0,137.0
DOUBLE ESPRESSO - COLUMBIA BIO 60ml,DOUBLE ESPRESSO - COLUMBIA BIO 60ml,PAHAR 6 OZ,cost_updated,0,0.1
DOUBLE ESPRESSO - COLUMBIA BIO 60ml,DOUBLE ESPRESSO - COLUMBIA BIO 60ml,CAPAC DE PLASTIC 6 OZ,cost_updated,0,0.09
DOUBLE RISTRETTO - COLUMBIA BIO 60ml,DOUBLE RISTRETTO - COLUMBIA BIO 60ml,CAFEA BIO COLUMBIA - LA ORQUIDEA PLANADAS 250gr,cost_updated,0,137.0
DOUBLE RISTRETTO - COLUMBIA BIO 60ml,DOUBLE RISTRETTO - COLUMBIA BIO 60ml,PAHAR 6 OZ,cost_updated,0,0.1
DOUBLE RISTRETTO - COLUMBIA BIO 60ml,DOUBLE RISTRETTO - COLUMBIA BIO 60ml,CAPAC DE PLASTIC 6 OZ,cost_updated,0,0.09
DOUBLE ESPRESSO - BARI S.O. 60ml ,DOUBLE ESPRESSO - BARI S.O. 60ml,CAPAC DE PLASTIC 6 OZ,cost_updated,0,0.09
DOUBLE ESPRESSO - BARI S.O. 60ml ,DOUBLE ESPRESSO - BARI S.O. 60ml,PAHAR 6 OZ,cost_updated,0,0.1
DOUBLE ESPRESSO - BARI S.O. 60ml ,DOUBLE ESPRESSO - BARI S.O. 60ml,CAFEA PRAJITA - BREZZA DI BARI 1KG,cost_updated,0,111.0
DOUBLE ESPRESSO - BARI S.O. 60ml ,DOUBLE ESPRESSO - BARI S.O. 60ml,ZAHAR BRUN 5 GR,cost_updated,0,0.07
DOUBLE ESPRESSO - BARI S.O. 60ml ,DOUBLE ESPRESSO - BARI S.O. 60ml,PALETE,cost_updated,0,0.04
CAPPUCCINO H.B. 240ml,CAPPUCCINO H.B. 240ml,PAHAR 8 OZ,cost_updated,0,0.2
CAPPUCCINO H.B. 240ml,CAPPUCCINO H.B. 240ml,ZAHAR BRUN 5 GR,cost_updated,0,0.07
CAPPUCCINO H.B. 240ml,CAPPUCCINO H.B. 240ml,CAFEA PRAJITA - PREMIUM 3 1kg,cost_updated,0,100.0
CAPPUCCINO H.B. 240ml,CAPPUCCINO H.B. 240ml,LAPTE BIO UHT,cost_updated,0,6.0
CAPPUCCINO H.B. 240ml,CAPPUCCINO H.B. 240ml,PALETE,cost_updated,0,0.04
CAPPUCCINO H.B. 240ml,CAPPUCCINO H.B. 240ml,CAPAC SL37,cost_updated,0,0.12
CEAI LAMAIE 480ml,CEAI LAMAIE 480ml,CAPAC SL45,cost_updated,0,0.13
CEAI LAMAIE 480ml,CEAI LAMAIE 480ml,PAHAR 16 OZ,cost_updated,0,0.24
CEAI LAMAIE 480ml,CEAI LAMAIE 480ml,CEAI LAMAIE,cost_updated,0,0.555
CEAI LAMAIE 480ml,CEAI LAMAIE 480ml,PALETE,cost_updated,0,0.04
CEAI LAMAIE 480ml,CEAI LAMAIE 480ml,MIERE PLIC,cost_updated,0,0.35
CEAI NEGRU DARJEELING 480ml,CEAI NEGRU DARJEELING 480ml,CEAI DARJEELING,cost_updated,0,2.2
CEAI NEGRU DARJEELING 480ml,CEAI NEGRU DARJEELING 480ml,CAPAC SL45,cost_updated,0,0.13
CEAI NEGRU DARJEELING 480ml,CEAI NEGRU DARJEELING 480ml,PAHAR 16 OZ,cost_updated,0,0.24
CEAI NEGRU DARJEELING 480ml,CEAI NEGRU DARJEELING 480ml,PALETE,cost_updated,0,0.04
CEAI NEGRU DARJEELING 480ml,CEAI NEGRU DARJEELING 480ml,MIERE PLIC,cost_updated,0,0.35
CEAI LAMAIE & GHIMBIR 480ml,CEAI LAMAIE & GHIMBIR 480ml,CAPAC SL45,cost_updated,0,0.13
CEAI LAMAIE & GHIMBIR 480ml,CEAI LAMAIE & GHIMBIR 480ml,CEAI GHIMBIR & LAMAIE,cost_updated,0,0.555
CEAI LAMAIE & GHIMBIR 480ml,CEAI LAMAIE & GHIMBIR 480ml,PAHAR 16 OZ,cost_updated,0,0.24
CEAI LAMAIE & GHIMBIR 480ml,CEAI LAMAIE & GHIMBIR 480ml,PALETE,cost_updated,0,0.04
CEAI LAMAIE & GHIMBIR 480ml,CEAI LAMAIE & GHIMBIR 480ml,MIERE PLIC,cost_updated,0,0.35
VEGETAL CAPPUCCINO H.B. 480ml,VEGETAL CAPPUCCINO H.B. 480ml,CAPAC SL45,cost_updated,0,0.13
VEGETAL CAPPUCCINO H.B. 480ml,VEGETAL CAPPUCCINO H.B. 480ml,ZAHAR BRUN 5 GR,cost_updated,0,0.07
VEGETAL CAPPUCCINO H.B. 480ml,VEGETAL CAPPUCCINO H.B. 480ml,CAFEA PRAJITA - PREMIUM 3 1kg,cost_updated,0,100.0
VEGETAL CAPPUCCINO H.B. 480ml,VEGETAL CAPPUCCINO H.B. 480ml,PAHAR 16 OZ,cost_updated,0,0.24
VEGETAL CAPPUCCINO H.B. 480ml,VEGETAL CAPPUCCINO H.B. 480ml,MOELK BARISTA BAUTURA VEGETALA DE OVAZ,cost_updated,0,13.0
VEGETAL CAPPUCCINO H.B. 480ml,VEGETAL CAPPUCCINO H.B. 480ml,PALETE,cost_updated,0,0.04
CAPPUCCINO - DEKOF COLUMBIA S.O. 360ml,CAPPUCCINO - DEKOF COLUMBIA S.O. 360ml,PAHAR 8 OZ,cost_updated,0,0.2
CAPPUCCINO - DEKOF COLUMBIA S.O. 360ml,CAPPUCCINO - DEKOF COLUMBIA S.O. 360ml,CAFEA BOABE DECOF - CUORE DI COLUMBIA,cost_updated,0,100.0
CAPPUCCINO - DEKOF COLUMBIA S.O. 360ml,CAPPUCCINO - DEKOF COLUMBIA S.O. 360ml,ZAHAR BRUN 5 GR,cost_updated,0,0.07
CAPPUCCINO - DEKOF COLUMBIA S.O. 360ml,CAPPUCCINO - DEKOF COLUMBIA S.O. 360ml,LAPTE BIO UHT,cost_updated,0,6.0
CAPPUCCINO - DEKOF COLUMBIA S.O. 360ml,CAPPUCCINO - DEKOF COLUMBIA S.O. 360ml,PALETE,cost_updated,0,0.04
CAPPUCCINO - DEKOF COLUMBIA S.O. 360ml,CAPPUCCINO - DEKOF COLUMBIA S.O. 360ml,CAPAC SL37,cost_updated,0,0.12
CAPPUCCINO - BARI S.O. 360ml,CAPPUCCINO - BARI S.O. 360ml,PAHAR 12 OZ,cost_updated,0,0.22
CAPPUCCINO - BARI S.O. 360ml,CAPPUCCINO - BARI S.O. 360ml,LAPTE BIO UHT,cost_updated,0,6.0
CAPPUCCINO - BARI S.O. 360ml,CAPPUCCINO - BARI S.O. 360ml,CAFEA PRAJITA - BREZZA DI BARI 1KG,cost_updated,0,111.0
CAPPUCCINO - BARI S.O. 360ml,CAPPUCCINO - BARI S.O. 360ml,ZAHAR BRUN 5 GR,cost_updated,0,0.07
CAPPUCCINO - BARI S.O. 360ml,CAPPUCCINO - BARI S.O. 360ml,CAPAC SL37,cost_updated,0,0.12
CAPPUCCINO - BARI S.O. 360ml,CAPPUCCINO - BARI S.O. 360ml,PALETE,cost_updated,0,0.04
CAPPUCCINO VIENNESSE H.B. 240ml,CAPPUCCINO VIENNESSE H.B. 240ml,PAHAR 8 OZ,cost_updated,0,0.2
CAPPUCCINO VIENNESSE H.B. 240ml,CAPPUCCINO VIENNESSE H.B. 240ml,ZAHAR BRUN 5 GR,cost_updated,0,0.07
CAPPUCCINO VIENNESSE H.B. 240ml,CAPPUCCINO VIENNESSE H.B. 240ml,FRISCA SPRAY,cost_updated,0,9.0
CAPPUCCINO VIENNESSE H.B. 240ml,CAPPUCCINO VIENNESSE H.B. 240ml,CAFEA PRAJITA - PREMIUM 3 1kg,cost_updated,0,100.0
CAPPUCCINO VIENNESSE H.B. 240ml,CAPPUCCINO VIENNESSE H.B. 240ml,LAPTE BIO UHT,cost_updated,0,6.0
CAPPUCCINO VIENNESSE H.B. 240ml,CAPPUCCINO VIENNESSE H.B. 240ml,PALETE,cost_updated,0,0.04
CAPPUCCINO VIENNESSE H.B. 240ml,CAPPUCCINO VIENNESSE H.B. 240ml,CAPAC SL37,cost_updated,0,0.12
CAPPUCCINO VIENNESSE H.B. 360ml,CAPPUCCINO VIENNESSE H.B. 360ml,CAPAC SL45,cost_updated,0,0.13
CAPPUCCINO VIENNESSE H.B. 360ml,CAPPUCCINO VIENNESSE H.B. 360ml,PAHAR 12 OZ,cost_updated,0,0.22
CAPPUCCINO VIENNESSE H.B. 360ml,CAPPUCCINO VIENNESSE H.B. 360ml,ZAHAR BRUN 5 GR,cost_updated,0,0.07
CAPPUCCINO VIENNESSE H.B. 360ml,CAPPUCCINO VIENNESSE H.B. 360ml,FRISCA SPRAY,cost_updated,0,9.0
CAPPUCCINO VIENNESSE H.B. 360ml,CAPPUCCINO VIENNESSE H.B. 360ml,CAFEA PRAJITA - PREMIUM 3 1kg,cost_updated,0,100.0
CAPPUCCINO VIENNESSE H.B. 360ml,CAPPUCCINO VIENNESSE H.B. 360ml,LAPTE BIO UHT,cost_updated,0,6.0
CAPPUCCINO VIENNESSE H.B. 360ml,CAPPUCCINO VIENNESSE H.B. 360ml,PALETE,cost_updated,0,0.04
DOUBLE ESPRESSO H.B. 60ml,DOUBLE ESPRESSO H.B. 60ml,CAPAC DE PLASTIC 6 OZ,cost_updated,0,0.09
DOUBLE ESPRESSO H.B. 60ml,DOUBLE ESPRESSO H.B. 60ml,PAHAR 6 OZ,cost_updated,0,0.1
DOUBLE ESPRESSO H.B. 60ml,DOUBLE ESPRESSO H.B. 60ml,ZAHAR BRUN 5 GR,cost_updated,0,0.07
DOUBLE ESPRESSO H.B. 60ml,DOUBLE ESPRESSO H.B. 60ml,CAFEA PRAJITA - PREMIUM 3 1kg,cost_updated,0,100.0
DOUBLE ESPRESSO H.B. 60ml,DOUBLE ESPRESSO H.B. 60ml,PALETE,cost_updated,0,0.04
AMERICANO - PERU S.O. 360ml,AMERICANO - PERU S.O. 360ml,CAPAC SL45,cost_updated,0,0.13
AMERICANO - PERU S.O. 360ml,AMERICANO - PERU S.O. 360ml,PAHAR 12 OZ,cost_updated,0,0.22
AMERICANO - PERU S.O. 360ml,AMERICANO - PERU S.O. 360ml,CAFEA PRAJITA - PERU RUMIYACU A.M. 250gr,cost_updated,0,128.76
AMERICANO - PERU S.O. 360ml,AMERICANO - PERU S.O. 360ml,ZAHAR BRUN 5 GR,cost_updated,0,0.07
AMERICANO - PERU S.O. 360ml,AMERICANO - PERU S.O. 360ml,PALETE,cost_updated,0,0.04
DOUBLE MACCHIATO - COLUMBIA BIO 60ml,DOUBLE MACCHIATO - COLUMBIA BIO 60ml,CAFEA BIO COLUMBIA - LA ORQUIDEA PLANADAS 250gr,cost_updated,0,137.0
DOUBLE MACCHIATO - COLUMBIA BIO 60ml,DOUBLE MACCHIATO - COLUMBIA BIO 60ml,PAHAR 6 OZ,cost_updated,0,0.1
DOUBLE MACCHIATO - COLUMBIA BIO 60ml,DOUBLE MACCHIATO - COLUMBIA BIO 60ml,CAPAC DE PLASTIC 6 OZ,cost_updated,0,0.09
DOUBLE MACCHIATO - COLUMBIA BIO 60ml,DOUBLE MACCHIATO - COLUMBIA BIO 60ml,LAPTE BIO UHT,cost_updated,0,6.0
V60 - BARI S.O. 360ml,V60 - BARI S.O. 360ml,PAHAR 12 OZ,cost_updated,0,0.22
V60 - BARI S.O. 360ml,V60 - BARI S.O. 360ml,CAPAC SL45,cost_updated,0,0.13
V60 - BARI S.O. 360ml,V60 - BARI S.O. 360ml,CAFEA PRAJITA - BREZZA DI BARI 1KG,cost_updated,0,111.0
AMERICANO - BARI S.O. 360ml,AMERICANO - BARI S.O. 360ml,PAHAR 12 OZ,cost_updated,0,0.22
AMERICANO - BARI S.O. 360ml,AMERICANO - BARI S.O. 360ml,CAPAC SL45,cost_updated,0,0.13
AMERICANO - BARI S.O. 360ml,AMERICANO - BARI S.O. 360ml,CAFEA PRAJITA - BREZZA DI BARI 1KG,cost_updated,0,111.0
AMERICANO - BARI S.O. 360ml,AMERICANO - BARI S.O. 360ml,ZAHAR BRUN 5 GR,cost_updated,0,0.07
AMERICANO - BARI S.O. 360ml,AMERICANO - BARI S.O. 360ml,PALETE,cost_updated,0,0.04
ESPRESSO H.B. 30ml,ESPRESSO H.B. 30ml,CAPAC DE PLASTIC 6 OZ,cost_updated,0,0.09
ESPRESSO H.B. 30ml,ESPRESSO H.B. 30ml,PAHAR 6 OZ,cost_updated,0,0.1
ESPRESSO H.B. 30ml,ESPRESSO H.B. 30ml,ZAHAR BRUN 5 GR,cost_updated,0,0.07
ESPRESSO H.B. 30ml,ESPRESSO H.B. 30ml,CAFEA PRAJITA - PREMIUM 3 1kg,cost_updated,0,100.0
ESPRESSO H.B. 30ml,ESPRESSO H.B. 30ml,PALETE,cost_updated,0,0.04
LIMONADA CU MENTA,LIMONADA CU MENTA,CAPAC PAHAR FRAPPE DL95,cost_updated,0,0.15
LIMONADA CU MENTA,LIMONADA CU MENTA,PAHAR FRAPPE DOLCE NERA 3CNEW,cost_updated,0,0.38
LIMONADA CU MENTA,LIMONADA CU MENTA,LAMAIE ,cost_updated,0,10.3
LIMONADA CU MENTA,LIMONADA CU MENTA,PAIE,cost_updated,0,0.06
VIENNESSE ICE LATTE,VIENNESSE ICE LATTE,PAHAR FRAPPE DOLCE NERA 3CNEW,cost_updated,0,0.38
VIENNESSE ICE LATTE,VIENNESSE ICE LATTE,FRISCA SPRAY,cost_updated,0,9.0
VIENNESSE ICE LATTE,VIENNESSE ICE LATTE,CAPAC PAHAR FRAPPE DL95,cost_updated,0,0.15
VIENNESSE ICE LATTE,VIENNESSE ICE LATTE,CAFEA PRAJITA - PREMIUM 3 1kg,cost_updated,0,100.0
VIENNESSE ICE LATTE,VIENNESSE ICE LATTE,LAPTE BIO UHT,cost_updated,0,6.0
CEAI ROOIBOS CARAMEL SARAT 480ml,CEAI ROOIBOS CARAMEL SARAT 480ml,CAPAC SL45,cost_updated,0,0.13
CEAI ROOIBOS CARAMEL SARAT 480ml,CEAI ROOIBOS CARAMEL SARAT 480ml,CEAI ROOIBOS,cost_updated,0,0.5
CEAI ROOIBOS CARAMEL SARAT 480ml,CEAI ROOIBOS CARAMEL SARAT 480ml,PAHAR 16 OZ,cost_updated,0,0.24
CEAI ROOIBOS CARAMEL SARAT 480ml,CEAI ROOIBOS CARAMEL SARAT 480ml,PALETE,cost_updated,0,0.04
CEAI ROOIBOS CARAMEL SARAT 480ml,CEAI ROOIBOS CARAMEL SARAT 480ml,MIERE PLIC,cost_updated,0,0.35
LATTE H.B. 480ml,LATTE H.B. 480ml,CAPAC SL45,cost_updated,0,0.13
LATTE H.B. 480ml,LATTE H.B. 480ml,ZAHAR BRUN 5 GR,cost_updated,0,0.07
LATTE H.B. 480ml,LATTE H.B. 480ml,PAHAR 16 OZ,cost_updated,0,0.24
LATTE H.B. 480ml,LATTE H.B. 480ml,LAPTE BIO UHT,cost_updated,0,6.0
LATTE H.B. 480ml,LATTE H.B. 480ml,CAFEA PRAJITA - GUJI ETHIOPIA 1kg,cost_updated,0,127.0
LATTE H.B. 480ml,LATTE H.B. 480ml,PALETE,cost_updated,0,0.04
VEGETAL CAPPUCCINO H.B. 240ml,VEGETAL CAPPUCCINO H.B. 240ml,PAHAR 8 OZ,cost_updated,0,0.2
VEGETAL CAPPUCCINO H.B. 240ml,VEGETAL CAPPUCCINO H.B. 240ml,ZAHAR BRUN 5 GR,cost_updated,0,0.07
VEGETAL CAPPUCCINO H.B. 240ml,VEGETAL CAPPUCCINO H.B. 240ml,CAFEA PRAJITA - PREMIUM 3 1kg,cost_updated,0,100.0
VEGETAL CAPPUCCINO H.B. 240ml,VEGETAL CAPPUCCINO H.B. 240ml,CAPAC SL37,cost_updated,0,0.12
VEGETAL CAPPUCCINO H.B. 240ml,VEGETAL CAPPUCCINO H.B. 240ml,MOELK BARISTA BAUTURA VEGETALA DE OVAZ,cost_updated,0,13.0
VEGETAL CAPPUCCINO H.B. 240ml,VEGETAL CAPPUCCINO H.B. 240ml,PALETE,cost_updated,0,0.04
CIOCOLATA CALDA ALBA 480ml,CIOCOLATA CALDA ALBA 480ml,CAPAC SL45,cost_updated,0,0.13
CIOCOLATA CALDA ALBA 480ml,CIOCOLATA CALDA ALBA 480ml,PAHAR 16 OZ,cost_updated,0,0.24
CIOCOLATA CALDA ALBA 480ml,CIOCOLATA CALDA ALBA 480ml,LAPTE BIO UHT,cost_updated,0,6.0
CIOCOLATA CALDA ALBA 480ml,CIOCOLATA CALDA ALBA 480ml,WHITE CHOCOLATE GOURMET WHITE VANILA,cost_updated,0,50.0
CIOCOLATA CALDA ALBA 480ml,CIOCOLATA CALDA ALBA 480ml,PALETE,cost_updated,0,0.04
FLAT WHITE - COLUMBIA BIO 240ml,FLAT WHITE - COLUMBIA BIO 240ml,PAHAR 8 OZ,cost_updated,0,0.2
FLAT WHITE - COLUMBIA BIO 240ml,FLAT WHITE - COLUMBIA BIO 240ml,CAFEA BIO COLUMBIA - LA ORQUIDEA PLANADAS 250gr,cost_updated,0,137.0
FLAT WHITE - COLUMBIA BIO 240ml,FLAT WHITE - COLUMBIA BIO 240ml,LAPTE BIO UHT,cost_updated,0,6.0
FLAT WHITE - COLUMBIA BIO 240ml,FLAT WHITE - COLUMBIA BIO 240ml,ZAHAR BRUN 5 GR,cost_updated,0,0.07
FLAT WHITE - COLUMBIA BIO 240ml,FLAT WHITE - COLUMBIA BIO 240ml,CAPAC SL37,cost_updated,0,0.12
FLAT WHITE - COLUMBIA BIO 240ml,FLAT WHITE - COLUMBIA BIO 240ml,PALETE,cost_updated,0,0.04
VEGETAL CAPPUCCINO H.B. 360ml,VEGETAL CAPPUCCINO H.B. 360ml,PAHAR 12 OZ,cost_updated,0,0.22
VEGETAL CAPPUCCINO H.B. 360ml,VEGETAL CAPPUCCINO H.B. 360ml,CAPAC SL45,cost_updated,0,0.13
VEGETAL CAPPUCCINO H.B. 360ml,VEGETAL CAPPUCCINO H.B. 360ml,ZAHAR BRUN 5 GR,cost_updated,0,0.07
VEGETAL CAPPUCCINO H.B. 360ml,VEGETAL CAPPUCCINO H.B. 360ml,CAFEA PRAJITA - PREMIUM 3 1kg,cost_updated,0,100.0
VEGETAL CAPPUCCINO H.B. 360ml,VEGETAL CAPPUCCINO H.B. 360ml,MOELK BARISTA BAUTURA VEGETALA DE OVAZ,cost_updated,0,13.0
VEGETAL CAPPUCCINO H.B. 360ml,VEGETAL CAPPUCCINO H.B. 360ml,PALETE,cost_updated,0,0.04
CAPPUCCINO VIENNESSE - BARI S.O. 360ml,CAPPUCCINO VIENNESSE - BARI S.O. 360ml,PAHAR 12 OZ,cost_updated,0,0.22
CAPPUCCINO VIENNESSE - BARI S.O. 360ml,CAPPUCCINO VIENNESSE - BARI S.O. 360ml,CAFEA PRAJITA - BREZZA DI BARI 1KG,cost_updated,0,111.0
CAPPUCCINO VIENNESSE - BARI S.O. 360ml,CAPPUCCINO VIENNESSE - BARI S.O. 360ml,ZAHAR BRUN 5 GR,cost_updated,0,0.07
CAPPUCCINO VIENNESSE - BARI S.O. 360ml,CAPPUCCINO VIENNESSE - BARI S.O. 360ml,FRISCA SPRAY,cost_updated,0,9.0
CAPPUCCINO VIENNESSE - BARI S.O. 360ml,CAPPUCCINO VIENNESSE - BARI S.O. 360ml,LAPTE BIO UHT,cost_updated,0,6.0
CAPPUCCINO VIENNESSE - BARI S.O. 360ml,CAPPUCCINO VIENNESSE - BARI S.O. 360ml,PALETE,cost_updated,0,0.04
CAPPUCCINO VIENNESSE - BARI S.O. 360ml,CAPPUCCINO VIENNESSE - BARI S.O. 360ml,CAPAC SL37,cost_updated,0,0.12
CEAI VERDE MENTA & LAMAIE 480ml,CEAI VERDE MENTA & LAMAIE 480ml,CAPAC SL45,cost_updated,0,0.13
CEAI VERDE MENTA & LAMAIE 480ml,CEAI VERDE MENTA & LAMAIE 480ml,PAHAR 16 OZ,cost_updated,0,0.24
CEAI VERDE MENTA & LAMAIE 480ml,CEAI VERDE MENTA & LAMAIE 480ml,CEAI VERDE MENTA & LAMAIE,cost_updated,0,2.2
CEAI VERDE MENTA & LAMAIE 480ml,CEAI VERDE MENTA & LAMAIE 480ml,PALETE,cost_updated,0,0.04
CEAI VERDE MENTA & LAMAIE 480ml,CEAI VERDE MENTA & LAMAIE 480ml,MIERE PLIC,cost_updated,0,0.35
CEAI VERDE 480ml,CEAI VERDE 480ml,CAPAC SL45,cost_updated,0,0.13
CEAI VERDE 480ml,CEAI VERDE 480ml,CEAI VERDE,cost_updated,0,2.2
CEAI VERDE 480ml,CEAI VERDE 480ml,PAHAR 16 OZ,cost_updated,0,0.24
CEAI VERDE 480ml,CEAI VERDE 480ml,PALETE,cost_updated,0,0.04
CEAI VERDE 480ml,CEAI VERDE 480ml,MIERE PLIC,cost_updated,0,0.35
CEAI MUSETEL 480ml,CEAI MUSETEL 480ml,CAPAC SL45,cost_updated,0,0.13
CEAI MUSETEL 480ml,CEAI MUSETEL 480ml,PAHAR 16 OZ,cost_updated,0,0.24
CEAI MUSETEL 480ml,CEAI MUSETEL 480ml,CEAI MUSETEL,cost_updated,0,2.2
CEAI MUSETEL 480ml,CEAI MUSETEL 480ml,PALETE,cost_updated,0,0.04
CEAI MUSETEL 480ml,CEAI MUSETEL 480ml,MIERE PLIC,cost_updated,0,0.35
CAPPUCCINO VIENNESSE - BARI S.O. 480ml,CAPPUCCINO VIENNESSE - BARI S.O. 480ml,CAPAC SL45,cost_updated,0,0.13
CAPPUCCINO VIENNESSE - BARI S.O. 480ml,CAPPUCCINO VIENNESSE - BARI S.O. 480ml,CAFEA PRAJITA - BREZZA DI BARI 1KG,cost_updated,0,111.0
CAPPUCCINO VIENNESSE - BARI S.O. 480ml,CAPPUCCINO VIENNESSE - BARI S.O. 480ml,ZAHAR BRUN 5 GR,cost_updated,0,0.07
CAPPUCCINO VIENNESSE - BARI S.O. 480ml,CAPPUCCINO VIENNESSE - BARI S.O. 480ml,FRISCA SPRAY,cost_updated,0,9.0
CAPPUCCINO VIENNESSE - BARI S.O. 480ml,CAPPUCCINO VIENNESSE - BARI S.O. 480ml,PAHAR 16 OZ,cost_updated,0,0.24
CAPPUCCINO VIENNESSE - BARI S.O. 480ml,CAPPUCCINO VIENNESSE - BARI S.O. 480ml,LAPTE BIO UHT,cost_updated,0,6.0
CAPPUCCINO VIENNESSE - BARI S.O. 480ml,CAPPUCCINO VIENNESSE - BARI S.O. 480ml,PALETE,cost_updated,0,0.04
FRENCHPRESS - BARI S.O. 480ml ,FRENCHPRESS - BARI S.O. 480ml ,CAPAC SL45,cost_updated,0,0.13
FRENCHPRESS - BARI S.O. 480ml ,FRENCHPRESS - BARI S.O. 480ml ,CAFEA PRAJITA - BREZZA DI BARI 1KG,cost_updated,0,111.0
FRENCHPRESS - BARI S.O. 480ml ,FRENCHPRESS - BARI S.O. 480ml ,PAHAR 16 OZ,cost_updated,0,0.24
CAPPUCCINO - BARI S.O. 480ml,CAPPUCCINO - BARI S.O. 480ml,CAPAC SL45,cost_updated,0,0.13
CAPPUCCINO - BARI S.O. 480ml,CAPPUCCINO - BARI S.O. 480ml,CAFEA PRAJITA - BREZZA DI BARI 1KG,cost_updated,0,111.0
CAPPUCCINO - BARI S.O. 480ml,CAPPUCCINO - BARI S.O. 480ml,ZAHAR BRUN 5 GR,cost_updated,0,0.07
CAPPUCCINO - BARI S.O. 480ml,CAPPUCCINO - BARI S.O. 480ml,PAHAR 16 OZ,cost_updated,0,0.24
CAPPUCCINO - BARI S.O. 480ml,CAPPUCCINO - BARI S.O. 480ml,LAPTE BIO UHT,cost_updated,0,6.0
CAPPUCCINO - BARI S.O. 480ml,CAPPUCCINO - BARI S.O. 480ml,PALETE,cost_updated,0,0.04
FRENCHPRESS - BIO COLUMBIA S.O. 480ml,FRENCHPRESS - BIO COLUMBIA S.O. 480ml,CAFEA BIO COLUMBIA - LA ORQUIDEA PLANADAS 250gr,cost_updated,0,137.0
FRENCHPRESS - BIO COLUMBIA S.O. 480ml,FRENCHPRESS - BIO COLUMBIA S.O. 480ml,CAPAC SL45,cost_updated,0,0.13
FRENCHPRESS - BIO COLUMBIA S.O. 480ml,FRENCHPRESS - BIO COLUMBIA S.O. 480ml,PAHAR 16 OZ,cost_updated,0,0.24
FRENCHPRESS - NICARAGUA S.O. 480ml,FRENCHPRESS - NICARAGUA S.O. 480ml,CAPAC SL45,cost_updated,0,0.13
FRENCHPRESS - NICARAGUA S.O. 480ml,FRENCHPRESS - NICARAGUA S.O. 480ml,CAFEA PRAJITA - NICARAGUA SHG 250gr,cost_updated,0,117.0
FRENCHPRESS - NICARAGUA S.O. 480ml,FRENCHPRESS - NICARAGUA S.O. 480ml,PAHAR 16 OZ,cost_updated,0,0.24
AEROPRESS - BIO COLUMBIA S.O. 360ml,AEROPRESS - BIO COLUMBIA S.O. 360ml,CAFEA BIO COLUMBIA - LA ORQUIDEA PLANADAS 250gr,cost_updated,0,137.0
AEROPRESS - BIO COLUMBIA S.O. 360ml,AEROPRESS - BIO COLUMBIA S.O. 360ml,CAPAC SL45,cost_updated,0,0.13
AEROPRESS - BIO COLUMBIA S.O. 360ml,AEROPRESS - BIO COLUMBIA S.O. 360ml,PAHAR 12 OZ,cost_updated,0,0.22
FRENCHPRESS - PERU S.O. 480ml,FRENCHPRESS - PERU S.O. 480ml,CAPAC SL45,cost_updated,0,0.13
FRENCHPRESS - PERU S.O. 480ml,FRENCHPRESS - PERU S.O. 480ml,CAFEA PRAJITA - PERU RUMIYACU A.M. 250gr,cost_updated,0,128.76
FRENCHPRESS - PERU S.O. 480ml,FRENCHPRESS - PERU S.O. 480ml,PAHAR 16 OZ,cost_updated,0,0.24
AEROPRESS - BARI S.O. 360ml,AEROPRESS - BARI S.O. 360ml,CAPAC SL45,cost_updated,0,0.13
AEROPRESS - BARI S.O. 360ml,AEROPRESS - BARI S.O. 360ml,PAHAR 12 OZ,cost_updated,0,0.22
AEROPRESS - BARI S.O. 360ml,AEROPRESS - BARI S.O. 360ml,CAFEA PRAJITA - BREZZA DI BARI 1KG,cost_updated,0,111.0
AEROPRESS - NICARAGUA S.O. 360ml,AEROPRESS - NICARAGUA S.O. 360ml,CAPAC SL45,cost_updated,0,0.13
AEROPRESS - NICARAGUA S.O. 360ml,AEROPRESS - NICARAGUA S.O. 360ml,PAHAR 12 OZ,cost_updated,0,0.22
AEROPRESS - NICARAGUA S.O. 360ml,AEROPRESS - NICARAGUA S.O. 360ml,CAFEA PRAJITA - NICARAGUA SHG 250gr,cost_updated,0,117.0
AEROPRESS - PERU S.O. 360ml,AEROPRESS - PERU S.O. 360ml,PAHAR 12 OZ,cost_updated,0,0.22
AEROPRESS - PERU S.O. 360ml,AEROPRESS - PERU S.O. 360ml,CAPAC SL45,cost_updated,0,0.13
AEROPRESS - PERU S.O. 360ml,AEROPRESS - PERU S.O. 360ml,CAFEA PRAJITA - PERU RUMIYACU A.M. 250gr,cost_updated,0,128.76
LIMONADA CU MANGO & MENTA 400ml,LIMONADA CU MANGO & MENTA 400ml,CAPAC PAHAR FRAPPE DL95,cost_updated,0,0.15
LIMONADA CU MANGO & MENTA 400ml,LIMONADA CU MANGO & MENTA 400ml,PAHAR FRAPPE DOLCE NERA 3CNEW,cost_updated,0,0.38
AMERICANO - COLUMBIA BIO 480ml,AMERICANO - COLUMBIA BIO 480ml,CAPAC SL45,cost_updated,0,0.13
AMERICANO - COLUMBIA BIO 480ml,AMERICANO - COLUMBIA BIO 480ml,CAFEA BIO COLUMBIA - LA ORQUIDEA PLANADAS 250gr,cost_updated,0,137.0
AMERICANO - COLUMBIA BIO 480ml,AMERICANO - COLUMBIA BIO 480ml,ZAHAR BRUN 5 GR,cost_updated,0,0.07
AMERICANO - COLUMBIA BIO 480ml,AMERICANO - COLUMBIA BIO 480ml,PAHAR 16 OZ,cost_updated,0,0.24
AMERICANO - COLUMBIA BIO 480ml,AMERICANO - COLUMBIA BIO 480ml,PALETE,cost_updated,0,0.04
CIOCOLATA CALDA NEAGRA 480ml,CIOCOLATA CALDA NEAGRA 480ml,CAPAC SL45,cost_updated,0,0.13
CIOCOLATA CALDA NEAGRA 480ml,CIOCOLATA CALDA NEAGRA 480ml,DARK CHOCOLATE GOURMET VANILA ,cost_updated,0,50.0
CIOCOLATA CALDA NEAGRA 480ml,CIOCOLATA CALDA NEAGRA 480ml,PAHAR 16 OZ,cost_updated,0,0.24
CIOCOLATA CALDA NEAGRA 480ml,CIOCOLATA CALDA NEAGRA 480ml,LAPTE BIO UHT,cost_updated,0,6.0
CIOCOLATA CALDA NEAGRA 480ml,CIOCOLATA CALDA NEAGRA 480ml,PALETE,cost_updated,0,0.04
CAPPUCCINO VIENNESE - COLUMBIA BIO 360ml,CAPPUCCINO VIENNESE - COLUMBIA BIO 360ml,PAHAR 12 OZ,cost_updated,0,0.22
CAPPUCCINO VIENNESE - COLUMBIA BIO 360ml,CAPPUCCINO VIENNESE - COLUMBIA BIO 360ml,CAPAC SL45,cost_updated,0,0.13
CAPPUCCINO VIENNESE - COLUMBIA BIO 360ml,CAPPUCCINO VIENNESE - COLUMBIA BIO 360ml,CAFEA BIO COLUMBIA - LA ORQUIDEA PLANADAS 250gr,cost_updated,0,137.0
CAPPUCCINO VIENNESE - COLUMBIA BIO 360ml,CAPPUCCINO VIENNESE - COLUMBIA BIO 360ml,ZAHAR BRUN 5 GR,cost_updated,0,0.07
CAPPUCCINO VIENNESE - COLUMBIA BIO 360ml,CAPPUCCINO VIENNESE - COLUMBIA BIO 360ml,LAPTE BIO UHT,cost_updated,0,6.0
CAPPUCCINO VIENNESE - COLUMBIA BIO 360ml,CAPPUCCINO VIENNESE - COLUMBIA BIO 360ml,PALETE,cost_updated,0,0.04
AMERICANO H.B. 480ml,AMERICANO H.B. 480ml,CAPAC SL45,cost_updated,0,0.13
AMERICANO H.B. 480ml,AMERICANO H.B. 480ml,ZAHAR BRUN 5 GR,cost_updated,0,0.07
AMERICANO H.B. 480ml,AMERICANO H.B. 480ml,CAFEA PRAJITA - PREMIUM 3 1kg,cost_updated,0,100.0
AMERICANO H.B. 480ml,AMERICANO H.B. 480ml,PAHAR 16 OZ,cost_updated,0,0.24
AMERICANO H.B. 480ml,AMERICANO H.B. 480ml,PALETE,cost_updated,0,0.04
CAPPUCCINO H.B. 480ml,CAPPUCCINO H.B. 480ml,CAPAC SL45,cost_updated,0,0.13
CAPPUCCINO H.B. 480ml,CAPPUCCINO H.B. 480ml,LAPTE BIO UHT,cost_updated,0,6.0
CAPPUCCINO H.B. 480ml,CAPPUCCINO H.B. 480ml,ZAHAR BRUN 5 GR,cost_updated,0,0.07
CAPPUCCINO H.B. 480ml,CAPPUCCINO H.B. 480ml,CAFEA PRAJITA - PREMIUM 3 1kg,cost_updated,0,100.0
CAPPUCCINO H.B. 480ml,CAPPUCCINO H.B. 480ml,PAHAR 16 OZ,cost_updated,0,0.24
CAPPUCCINO H.B. 480ml,CAPPUCCINO H.B. 480ml,PALETE,cost_updated,0,0.04
AMERICANO H.B. 360ml,AMERICANO H.B. 360ml,PAHAR 12 OZ,cost_updated,0,0.22
AMERICANO H.B. 360ml,AMERICANO H.B. 360ml,CAPAC SL45,cost_updated,0,0.13
AMERICANO H.B. 360ml,AMERICANO H.B. 360ml,ZAHAR BRUN 5 GR,cost_updated,0,0.07
AMERICANO H.B. 360ml,AMERICANO H.B. 360ml,CAFEA PRAJITA - PREMIUM 3 1kg,cost_updated,0,100.0
AMERICANO H.B. 360ml,AMERICANO H.B. 360ml,PALETE,cost_updated,0,0.04
CAPPUCCINO H.B. 360ml,CAPPUCCINO H.B. 360ml,PAHAR 12 OZ,cost_updated,0,0.22
CAPPUCCINO H.B. 360ml,CAPPUCCINO H.B. 360ml,ZAHAR BRUN 5 GR,cost_updated,0,0.07
CAPPUCCINO H.B. 360ml,CAPPUCCINO H.B. 360ml,CAFEA PRAJITA - PREMIUM 3 1kg,cost_updated,0,100.0
CAPPUCCINO H.B. 360ml,CAPPUCCINO H.B. 360ml,LAPTE BIO UHT,cost_updated,0,6.0
CAPPUCCINO H.B. 360ml,CAPPUCCINO H.B. 360ml,PALETE,cost_updated,0,0.04
CAPPUCCINO H.B. 360ml,CAPPUCCINO H.B. 360ml,CAPAC SL37,cost_updated,0,0.12
LATTE - BARI S.O. 480ml,LATTE - BARI S.O. 480ml,CAPAC SL45,cost_updated,0,0.13
LATTE - BARI S.O. 480ml,LATTE - BARI S.O. 480ml,CAFEA PRAJITA - BREZZA DI BARI 1KG,cost_updated,0,111.0
LATTE - BARI S.O. 480ml,LATTE - BARI S.O. 480ml,ZAHAR BRUN 5 GR,cost_updated,0,0.07
LATTE - BARI S.O. 480ml,LATTE - BARI S.O. 480ml,PAHAR 16 OZ,cost_updated,0,0.24
LATTE - BARI S.O. 480ml,LATTE - BARI S.O. 480ml,LAPTE BIO UHT,cost_updated,0,6.0
LATTE - BARI S.O. 480ml,LATTE - BARI S.O. 480ml,PALETE,cost_updated,0,0.04
CAPPUCCINO VIENNESSE H.B. 480ml,CAPPUCCINO VIENNESSE H.B. 480ml,CAPAC SL45,cost_updated,0,0.13
CAPPUCCINO VIENNESSE H.B. 480ml,CAPPUCCINO VIENNESSE H.B. 480ml,LAPTE BIO UHT,cost_updated,0,6.0
CAPPUCCINO VIENNESSE H.B. 480ml,CAPPUCCINO VIENNESSE H.B. 480ml,ZAHAR BRUN 5 GR,cost_updated,0,0.07
CAPPUCCINO VIENNESSE H.B. 480ml,CAPPUCCINO VIENNESSE H.B. 480ml,FRISCA SPRAY,cost_updated,0,9.0
CAPPUCCINO VIENNESSE H.B. 480ml,CAPPUCCINO VIENNESSE H.B. 480ml,CAFEA PRAJITA - PREMIUM 3 1kg,cost_updated,0,100.0
CAPPUCCINO VIENNESSE H.B. 480ml,CAPPUCCINO VIENNESSE H.B. 480ml,PAHAR 16 OZ,cost_updated,0,0.24
VEGETAL FLATT WHITE H.B. 240ml,VEGETAL FLATT WHITE H.B. 240ml,PAHAR 8 OZ,cost_updated,0,0.2
VEGETAL FLATT WHITE H.B. 240ml,VEGETAL FLATT WHITE H.B. 240ml,ZAHAR BRUN 5 GR,cost_updated,0,0.07
VEGETAL FLATT WHITE H.B. 240ml,VEGETAL FLATT WHITE H.B. 240ml,CAFEA PRAJITA - PREMIUM 3 1kg,cost_updated,0,100.0
VEGETAL FLATT WHITE H.B. 240ml,VEGETAL FLATT WHITE H.B. 240ml,CAPAC SL37,cost_updated,0,0.12
VEGETAL FLATT WHITE H.B. 240ml,VEGETAL FLATT WHITE H.B. 240ml,MOELK BARISTA BAUTURA VEGETALA DE OVAZ,cost_updated,0,13.0
VEGETAL FLATT WHITE H.B. 240ml,VEGETAL FLATT WHITE H.B. 240ml,PALETE,cost_updated,0,0.04
CEAI ALB VANILIE & PIERSICA 480ml,CEAI ALB VANILIE & PIERSICA 480ml,CAPAC SL45,cost_updated,0,0.13
CEAI ALB VANILIE & PIERSICA 480ml,CEAI ALB VANILIE & PIERSICA 480ml,CEAI ALB VANILIE & PIERSICA,cost_updated,0,0.5328
CEAI ALB VANILIE & PIERSICA 480ml,CEAI ALB VANILIE & PIERSICA 480ml,PAHAR 16 OZ,cost_updated,0,0.24
CEAI ALB VANILIE & PIERSICA 480ml,CEAI ALB VANILIE & PIERSICA 480ml,PALETE,cost_updated,0,0.04
CEAI ALB VANILIE & PIERSICA 480ml,CEAI ALB VANILIE & PIERSICA 480ml,MIERE PLIC,cost_updated,0,0.35
FLATT WHITE H.B. 240ml ,FLATT WHITE H.B. 240ml,PAHAR 8 OZ,cost_updated,0,0.2
FLATT WHITE H.B. 240ml ,FLATT WHITE H.B. 240ml,LAPTE BIO UHT,cost_updated,0,6.0
FLATT WHITE H.B. 240ml ,FLATT WHITE H.B. 240ml,ZAHAR BRUN 5 GR,cost_updated,0,0.07
FLATT WHITE H.B. 240ml ,FLATT WHITE H.B. 240ml,CAFEA PRAJITA - PREMIUM 3 1kg,cost_updated,0,100.0
FLATT WHITE H.B. 240ml ,FLATT WHITE H.B. 240ml,CAPAC SL37,cost_updated,0,0.12
FLATT WHITE H.B. 240ml ,FLATT WHITE H.B. 240ml,PALETE,cost_updated,0,0.04
DOUBLE MACCHIATO H.B. 80ml,DOUBLE MACCHIATO H.B. 80ml,CAPAC DE PLASTIC 6 OZ,cost_updated,0,0.09
DOUBLE MACCHIATO H.B. 80ml,DOUBLE MACCHIATO H.B. 80ml,PAHAR 6 OZ,cost_updated,0,0.1
DOUBLE MACCHIATO H.B. 80ml,DOUBLE MACCHIATO H.B. 80ml,ZAHAR BRUN 5 GR,cost_updated,0,0.07
DOUBLE MACCHIATO H.B. 80ml,DOUBLE MACCHIATO H.B. 80ml,CAFEA PRAJITA - PREMIUM 3 1kg,cost_updated,0,100.0
DOUBLE MACCHIATO H.B. 80ml,DOUBLE MACCHIATO H.B. 80ml,LAPTE BIO UHT,cost_updated,0,6.0
DOUBLE MACCHIATO H.B. 80ml,DOUBLE MACCHIATO H.B. 80ml,PALETE,cost_updated,0,0.04
DOUBLE MACCHIATO - BARI S.O. 80ml,DOUBLE MACCHIATO - BARI S.O. 80ml,CAPAC DE PLASTIC 6 OZ,cost_updated,0,0.09
DOUBLE MACCHIATO - BARI S.O. 80ml,DOUBLE MACCHIATO - BARI S.O. 80ml,PAHAR 6 OZ,cost_updated,0,0.1
DOUBLE MACCHIATO - BARI S.O. 80ml,DOUBLE MACCHIATO - BARI S.O. 80ml,CAFEA PRAJITA - BREZZA DI BARI 1KG,cost_updated,0,111.0
DOUBLE MACCHIATO - BARI S.O. 80ml,DOUBLE MACCHIATO - BARI S.O. 80ml,ZAHAR BRUN 5 GR,cost_updated,0,0.07
DOUBLE MACCHIATO - BARI S.O. 80ml,DOUBLE MACCHIATO - BARI S.O. 80ml,LAPTE BIO UHT,cost_updated,0,6.0
DOUBLE MACCHIATO - BARI S.O. 80ml,DOUBLE MACCHIATO - BARI S.O. 80ml,PALETE,cost_updated,0,0.04
DOUBLE RISTRETTO - BARI S.O. 40ml,DOUBLE RISTRETTO - BARI S.O. 40ml,CAPAC DE PLASTIC 6 OZ,cost_updated,0,0.09
DOUBLE RISTRETTO - BARI S.O. 40ml,DOUBLE RISTRETTO - BARI S.O. 40ml,PAHAR 6 OZ,cost_updated,0,0.1
DOUBLE RISTRETTO - BARI S.O. 40ml,DOUBLE RISTRETTO - BARI S.O. 40ml,CAFEA PRAJITA - BREZZA DI BARI 1KG,cost_updated,0,111.0
DOUBLE RISTRETTO - BARI S.O. 40ml,DOUBLE RISTRETTO - BARI S.O. 40ml,ZAHAR BRUN 5 GR,cost_updated,0,0.07
DOUBLE RISTRETTO - BARI S.O. 40ml,DOUBLE RISTRETTO - BARI S.O. 40ml,PALETE,cost_updated,0,0.04
FRAPPE DOLCE NERA ,FRAPPE DOLCE NERA ,PAIE,cost_updated,0,0.06
FRAPPE DOLCE NERA ,FRAPPE DOLCE NERA ,FRISCA SPRAY,cost_updated,0,9.0
FRAPPE DOLCE NERA ,FRAPPE DOLCE NERA ,PACHET FRAPPE DOLCE NERA,cost_updated,0,2.75
FRAPPE DOLCE NERA ,FRAPPE DOLCE NERA ,CAPAC PAHAR FRAPPE DL95,cost_updated,0,0.15
FRAPPE DOLCE NERA ,FRAPPE DOLCE NERA ,LAPTE BIO UHT,cost_updated,0,6.0
CEAI CAPSUNI & MENTA 480ml,CEAI CAPSUNI & MENTA 480ml,CAPAC SL45,cost_updated,0,0.13
CEAI CAPSUNI & MENTA 480ml,CEAI CAPSUNI & MENTA 480ml,PAHAR 16 OZ,cost_updated,0,0.24
CEAI CAPSUNI & MENTA 480ml,CEAI CAPSUNI & MENTA 480ml,CEAI CAPSUNI & MENTA,cost_updated,0,0.555
CEAI CAPSUNI & MENTA 480ml,CEAI CAPSUNI & MENTA 480ml,PALETE,cost_updated,0,0.04
CEAI CAPSUNI & MENTA 480ml,CEAI CAPSUNI & MENTA 480ml,MIERE PLIC,cost_updated,0,0.35
CEAI COACAZE 480ml,CEAI COACAZE 480ml,CAPAC SL45,cost_updated,0,0.13
CEAI COACAZE 480ml,CEAI COACAZE 480ml,PALETE,cost_updated,0,0.04
CEAI COACAZE 480ml,CEAI COACAZE 480ml,PAHAR 16 OZ,cost_updated,0,0.0
CEAI COACAZE 480ml,CEAI COACAZE 480ml,CEAI COACAZE,cost_updated,0,0.5
CEAI COACAZE 480ml,CEAI COACAZE 480ml,MIERE PLIC,cost_updated,0,0.35
FLATT WHITE - BARI S.O. 240ml,FLATT WHITE - BARI S.O. 240ml,PAHAR 8 OZ,cost_updated,0,0.2
FLATT WHITE - BARI S.O. 240ml,FLATT WHITE - BARI S.O. 240ml,LAPTE BIO UHT,cost_updated,0,6.0
FLATT WHITE - BARI S.O. 240ml,FLATT WHITE - BARI S.O. 240ml,CAFEA PRAJITA - BREZZA DI BARI 1KG,cost_updated,0,111.0
FLATT WHITE - BARI S.O. 240ml,FLATT WHITE - BARI S.O. 240ml,ZAHAR BRUN 5 GR,cost_updated,0,0.07
FLATT WHITE - BARI S.O. 240ml,FLATT WHITE - BARI S.O. 240ml,CAPAC SL37,cost_updated,0,0.12
FLATT WHITE - BARI S.O. 240ml,FLATT WHITE - BARI S.O. 240ml,PALETE,cost_updated,0,0.04
DOUBLE RISTRETTO H.B. 40ml,DOUBLE RISTRETTO H.B. 40ml,CAPAC DE PLASTIC 6 OZ,cost_updated,0,0.09
DOUBLE RISTRETTO H.B. 40ml,DOUBLE RISTRETTO H.B. 40ml,PAHAR 6 OZ,cost_updated,0,0.1
DOUBLE RISTRETTO H.B. 40ml,DOUBLE RISTRETTO H.B. 40ml,ZAHAR BRUN 5 GR,cost_updated,0,0.07
DOUBLE RISTRETTO H.B. 40ml,DOUBLE RISTRETTO H.B. 40ml,CAFEA PRAJITA - PREMIUM 3 1kg,cost_updated,0,100.0
DOUBLE RISTRETTO H.B. 40ml,DOUBLE RISTRETTO H.B. 40ml,PALETE,cost_updated,0,0.04
VEGETAL LATTE H.B. 360ml,VEGETAL LATTE H.B. 360ml,PAHAR 12 OZ,cost_updated,0,0.22
VEGETAL LATTE H.B. 360ml,VEGETAL LATTE H.B. 360ml,CAPAC SL45,cost_updated,0,0.13
VEGETAL LATTE H.B. 360ml,VEGETAL LATTE H.B. 360ml,ZAHAR BRUN 5 GR,cost_updated,0,0.07
VEGETAL LATTE H.B. 360ml,VEGETAL LATTE H.B. 360ml,CAFEA PRAJITA - PREMIUM 3 1kg,cost_updated,0,100.0
VEGETAL LATTE H.B. 360ml,VEGETAL LATTE H.B. 360ml,MOELK BARISTA BAUTURA VEGETALA DE OVAZ,cost_updated,0,13.0
VEGETAL LATTE H.B. 360ml,VEGETAL LATTE H.B. 360ml,PALETE,cost_updated,0,0.04
CAPPUCCINO - COLUMBIA BIO 360ml ,CAPPUCCINO - COLUMBIA BIO 360ml,PAHAR 8 OZ,cost_updated,0,0.2
CAPPUCCINO - COLUMBIA BIO 360ml ,CAPPUCCINO - COLUMBIA BIO 360ml,CAFEA BIO COLUMBIA - LA ORQUIDEA PLANADAS 250gr,cost_updated,0,137.0
CAPPUCCINO - COLUMBIA BIO 360ml ,CAPPUCCINO - COLUMBIA BIO 360ml,LAPTE BIO UHT,cost_updated,0,6.0
CAPPUCCINO - COLUMBIA BIO 360ml ,CAPPUCCINO - COLUMBIA BIO 360ml,ZAHAR BRUN 5 GR,cost_updated,0,0.07
CAPPUCCINO - COLUMBIA BIO 360ml ,CAPPUCCINO - COLUMBIA BIO 360ml,CAPAC SL37,cost_updated,0,0.12
CAPPUCCINO - COLUMBIA BIO 360ml ,CAPPUCCINO - COLUMBIA BIO 360ml,PALETE CAFEA 14cm,cost_updated,0,0.0678
AMERICANO H.B. 240ml ,AMERICANO H.B. 240ml,PAHAR 8 OZ,cost_updated,0,0.2
AMERICANO H.B. 240ml ,AMERICANO H.B. 240ml,ZAHAR BRUN 5 GR,cost_updated,0,0.07
AMERICANO H.B. 240ml ,AMERICANO H.B. 240ml,CAFEA PRAJITA - PREMIUM 3 1kg,cost_updated,0,100.0
AMERICANO H.B. 240ml ,AMERICANO H.B. 240ml,CAPAC SL37,cost_updated,0,0.12
AMERICANO H.B. 240ml ,AMERICANO H.B. 240ml,PALETE,cost_updated,0,0.04
DOUBLE ESPRESSO - PERU S.O. 60ml,DOUBLE ESPRESSO - PERU S.O. 60ml,CAFEA PRAJITA - PERU RUMIYACU A.M. 250gr,cost_updated,0,128.76
DOUBLE ESPRESSO - PERU S.O. 60ml,DOUBLE ESPRESSO - PERU S.O. 60ml,PAHAR 6 OZ,cost_updated,0,0.1
DOUBLE ESPRESSO - PERU S.O. 60ml,DOUBLE ESPRESSO - PERU S.O. 60ml,CAPAC DE PLASTIC 6 OZ,cost_updated,0,0.09
MATCHA LATTE 400ml,MATCHA LATTE 400ml,MATCHA POWDER TRADITIONAL GREEN TEA 250 G ,cost_updated,0,0.0
MATCHA LATTE 400ml,MATCHA LATTE 400ml,PAHAR FRAPPE DOLCE NERA 3CNEW,cost_updated,0,0.38
MATCHA LATTE 400ml,MATCHA LATTE 400ml,CAPAC PAHAR FRAPPE DL95,cost_updated,0,0.15
MATCHA LATTE 400ml,MATCHA LATTE 400ml,LAPTE BIO UHT,cost_updated,0,6.0
MATCHA LATTE 400ml,MATCHA LATTE 400ml,PALETE,cost_updated,0,0.04
MATCHA LATTE 400ml,MATCHA LATTE 400ml,PIURE GIFFARD MANGO 1L,cost_updated,0,0.0
LATTE H.B. 360ml,LATTE H.B. 360ml,PAHAR 12 OZ,cost_updated,0,0.22
LATTE H.B. 360ml,LATTE H.B. 360ml,LAPTE BIO UHT,cost_updated,0,6.0
LATTE H.B. 360ml,LATTE H.B. 360ml,ZAHAR BRUN 5 GR,cost_updated,0,0.07
LATTE H.B. 360ml,LATTE H.B. 360ml,CAFEA PRAJITA - PREMIUM 3 1kg,cost_updated,0,100.0
LATTE H.B. 360ml,LATTE H.B. 360ml,CAPAC SL37,cost_updated,0,0.12
LATTE H.B. 360ml,LATTE H.B. 360ml,PALETE,cost_updated,0,0.04
MACCHIATO H.B. 40ml ,MACCHIATO H.B. 40ml,CAPAC DE PLASTIC 6 OZ,cost_updated,0,0.09
MACCHIATO H.B. 40ml ,MACCHIATO H.B. 40ml,PAHAR 6 OZ,cost_updated,0,0.1
MACCHIATO H.B. 40ml ,MACCHIATO H.B. 40ml,ZAHAR BRUN 5 GR,cost_updated,0,0.07
MACCHIATO H.B. 40ml ,MACCHIATO H.B. 40ml,CAFEA PRAJITA - PREMIUM 3 1kg,cost_updated,0,100.0
MACCHIATO H.B. 40ml ,MACCHIATO H.B. 40ml,LAPTE BIO UHT,cost_updated,0,6.0
MACCHIATO H.B. 40ml ,MACCHIATO H.B. 40ml,PALETE,cost_updated,0,0.04
RISTRETTO H.B. 20ml ,RISTRETTO H.B. 20ml ,CAPAC DE PLASTIC 6 OZ,cost_updated,0,0.09
RISTRETTO H.B. 20ml ,RISTRETTO H.B. 20ml ,PAHAR 6 OZ,cost_updated,0,0.1
RISTRETTO H.B. 20ml ,RISTRETTO H.B. 20ml ,ZAHAR BRUN 5 GR,cost_updated,0,0.07
RISTRETTO H.B. 20ml ,RISTRETTO H.B. 20ml ,CAFEA PRAJITA - PREMIUM 3 1kg,cost_updated,0,100.0
RISTRETTO H.B. 20ml ,RISTRETTO H.B. 20ml ,PALETE,cost_updated,0,0.04
ITALIAN ICE LATTE ,ITALIAN ICE LATTE ,PAIE,cost_updated,0,0.06
ITALIAN ICE LATTE ,ITALIAN ICE LATTE ,PAHAR FRAPPE DOLCE NERA 3CNEW,cost_updated,0,0.38
ITALIAN ICE LATTE ,ITALIAN ICE LATTE ,CAPAC PAHAR FRAPPE DL95,cost_updated,0,0.15
ITALIAN ICE LATTE ,ITALIAN ICE LATTE ,CAFEA PRAJITA - PREMIUM 3 1kg,cost_updated,0,100.0
ITALIAN ICE LATTE ,ITALIAN ICE LATTE ,LAPTE BIO UHT,cost_updated,0,6.0
LATTE - BARI S.O. 360ml,LATTE - BARI S.O. 360ml,PAHAR 12 OZ,cost_updated,0,0.22
LATTE - BARI S.O. 360ml,LATTE - BARI S.O. 360ml,CAPAC SL45,cost_updated,0,0.13
LATTE - BARI S.O. 360ml,LATTE - BARI S.O. 360ml,CAFEA PRAJITA - BREZZA DI BARI 1KG,cost_updated,0,111.0
LATTE - BARI S.O. 360ml,LATTE - BARI S.O. 360ml,ZAHAR BRUN 5 GR,cost_updated,0,0.07
LATTE - BARI S.O. 360ml,LATTE - BARI S.O. 360ml,LAPTE BIO UHT,cost_updated,0,6.0
LATTE - BARI S.O. 360ml,LATTE - BARI S.O. 360ml,PALETE,cost_updated,0,0.04
V60 - NICARAGUA S.O. 360ml,V60 - NICARAGUA S.O. 360ml,PAHAR 12 OZ,cost_updated,0,0.22
V60 - NICARAGUA S.O. 360ml,V60 - NICARAGUA S.O. 360ml,CAPAC SL45,cost_updated,0,0.13
V60 - NICARAGUA S.O. 360ml,V60 - NICARAGUA S.O. 360ml,CAFEA PRAJITA - NICARAGUA SHG 250gr,cost_updated,0,117.0
V60 - PERU S.O. 360ml,V60 - PERU S.O. 360ml,CAPAC SL45,cost_updated,0,0.13
V60 - PERU S.O. 360ml,V60 - PERU S.O. 360ml,PAHAR 12 OZ,cost_updated,0,0.22
V60 - PERU S.O. 360ml,V60 - PERU S.O. 360ml,CAFEA PRAJITA - PERU RUMIYACU A.M. 250gr,cost_updated,0,128.76
V60 - BIO COLUMBIA S.O. 360ml ,V60 - BIO COLUMBIA S.O. 360ml ,CAPAC SL45,cost_updated,0,0.13
V60 - BIO COLUMBIA S.O. 360ml ,V60 - BIO COLUMBIA S.O. 360ml ,CAFEA BIO COLUMBIA - LA ORQUIDEA PLANADAS 250gr,cost_updated,0,137.0
V60 - BIO COLUMBIA S.O. 360ml ,V60 - BIO COLUMBIA S.O. 360ml ,PAHAR 12 OZ,cost_updated,0,0.22
